,store name,brand link
0,Mayamiko,/brand/mayamiko
1,Thunderpants NZ,/brand/thunderpants-nz
2,Thunderpants USA,/brand/thunderpants-usa
3,MUD Jeans,/brand/mud-jeans
4,Monsoon Blooms,/brand/monsoon-blooms
5,The Classic T-Shirt Company,/brand/the-classic-t-shirt-co
6,We-Love,/brand/we-love
7,Miakoda,/brand/miakoda
8,Infantium Victoria,/brand/infantium-victoria
9,No Nasties,/brand/no-nasties
10,bleed,/brand/bleed
11,VATTER,/brand/vatter
12,Etiko,/brand/etiko
13,Bhumi,/brand/bhumi
14,Sense Organics,/brand/sense-organics
15,Mighty Good Basics,/brand/mighty-good-basics
16,CHNGE,/brand/chnge
17,People Tree,/brand/people-tree
18,Label By Three,/brand/label-by-three
19,GRAMMAR,/brand/grammar
20,Kowtow,/brand/kowtow
21,Monkee Genes,/brand/monkee-genes
22,SUCO,/brand/suco
23,Jackalo,/brand/hello-jackalo
24,Noctu,/brand/noctu
25,The Green Wave,/brand/the-green-wave
26,SKFK,/brand/skfk
27,Ciganka - Artforms from Nature,/brand/ciganka---artforms-from-nature
28,Armedangels,/brand/armedangels
29,Bon Label,/brand/bon-label
30,Left Edit,/brand/left-edit
31,The R Collective,/brand/the-r-collective
32,Where Does It Come From?,/brand/where-does-it-come-from
33,The Tiny Closet,/brand/the-tiny-closet
34,Mila.Vert,/brand/milavert
35,STORY mfg.,/brand/story-mfg
36,Dorsu,/brand/dorsu
37,Honest Basics,/brand/honest-basics
38,Passion Lilie,/brand/passion-lilie
39,The Social Studio,/brand/the-social-studio
40,Nudie Jeans,/brand/nudie-jeans
41,Winter Water Factory,/brand/winter-water-factory
42,Frankie,/brand/frankie
43,Kuyichi,/brand/kuyichi
44,A.BCH,/brand/abch
45,Reflect Studio,/brand/reflect-studio
46,milo+nicki,/brand/milonicki
47,Phil & Lui,/brand/phil-and-lui
48,Two Days Off,/brand/two-days-off
49,Kings of Indigo,/brand/kings-of-indigo
50,ROZENBROEK,/brand/rozenbroek
51,Citizen Wolf,/brand/citizen-wolf
52,studio JUX,/brand/studio-jux
53,Living Crafts,/brand/living-crafts
54,ReCreate,/brand/recreate
55,Nisa,/brand/nisa
56,Carlie Ballard,/brand/carlie-ballard
57,MATE the Label,/brand/mate-the-label
58,zero waste daniel,/brand/zero-waste-daniel
59,Hopaal,/brand/hopaal
60,Girlfriend Collective,/brand/girlfriend-collective
61,Little Yellow Bird,/brand/little-yellow-bird
62,Kalaurie,/brand/kalaurie
63,TAMGA Designs,/brand/tamga-designs
64,Aware...the social design project,/brand/awarethe-social-design-project
65,SEEKER,/brand/seeker
66,Organic Basics,/brand/organic-basics
67,LDP,/brand/ldp
68,Rapanui,/brand/rapanui
69,Vege Threads,/brand/vege-threads
70,The Social Outfit,/brand/the-social-outfit
71,Elle Evans,/brand/elle-evans
72,Christy Dawn,/brand/christy-dawn
73,Liminal,/brand/liminal
74,Lovbird Design,/brand/lovbird-design
75,ThokkThokk,/brand/thokkthokk
76,Conscious Step,/brand/conscious-step
77,Boyish,/brand/boyish
78,Tasi Travels,/brand/tasi-travels
79,Tuckerman & Co,/brand/tuckerman-and-co
80,Pico,/brand/pico
81,Saint Basics,/brand/saint-basics
82,CasaGIN,/brand/casagin
83,Sorella Organics,/brand/sorella-organics
84,Stay Wild,/brand/stay-wild
85,GARY MASH,/brand/gary-mash
86,The Nude Label,/brand/the-nude-label
87,PANGAIA,/brand/pangaia
88,For The Earth Sweetheart,/brand/for-the-earth-sweetheart
89,Zola Amour,/brand/zola-amour
90,LA Relaxed,/brand/la-relaxed
91,Happy Earth Apparel,/brand/happy-earth-apparel
92,Mme A-S Davik,/brand/mme-a-s-davik
93,pinqponq,/brand/pinqponq
94,Wyatt and Jack,/brand/wyatt-and-jack
95,VETTA,/brand/vetta
96,Bethany Williams,/brand/bethany-williams
97,Panamuna Project,/brand/panamuna-project
98,Franc,/brand/franc
99,Natasha Tonic,/brand/natasha-tonic
100,The Rushing Hour,/brand/the-rushing-hour
101,Harvest & Mill,/brand/harvest-and-mill
102,ISTO,/brand/isto
103,Know The Origin,/brand/know-the-origin
104,WAWWA,/brand/wawwa
105,Organic Crew,/brand/organic-crew
106,Stature,/brand/stature
107,Antiform,/brand/antiform
108,Seventy + Mochi,/brand/seventy---mochi
109,Dawn Denim,/brand/dawn-denim
110,ÉTICA,/brand/etica
111,Jyoti - Fair Works,/brand/jyoti-fair-works
112,Dressarte Paris,/brand/dressarte-paris
113,One Vintage,/brand/one-vintage
114,Antonello Tedde,/brand/antonello-tedde
115,Erba,/brand/erba
116,STANLEY/STELLA,/brand/stanleystella
117,Riley Studio,/brand/riley-studio
118,Fair Indigo,/brand/fair-indigo
119,Maggie Marilyn,/brand/maggie-marilyn
120,Luna + Sun,/brand/luna-sun
121,tonlé,/brand/tonle
122,WE-AR,/brand/wear
123,Sage Larock,/brand/sage-larock
124,Florence Given,/brand/florence-given
125,RESIDUS,/brand/residus
126,Pure Pod,/brand/pure-pod
127,WeAreNativ,/brand/wearenativ
128,Lois Hazel,/brand/lois-hazel
129,Silou,/brand/silou
130,Greenfibres,/brand/greenfibres
131,Sotela,/brand/sotela
132,Pamut,/brand/pamut
133,BLEUSALT,/brand/bleusalt
134,Thought,/brand/thought
135,Birdsong,/brand/birdsong
136,Hamilton Perkins Collection,/brand/hamilton-perkins-collection
137,MiiK,/brand/miik
138,Les Recuperables,/brand/les-recuperables
139,Salt Gypsy,/brand/salt-gypsy
140,Dominique Healy,/brand/dominique-healy
141,A-dam,/brand/a-dam
142,Self Cinema,/brand/self-cinema
143,Señor Seagull,/brand/senor-seagull
144,Groceries Apparel,/brand/groceries-apparel
145,go as u.r,/brand/go-as-ur
146,Finisterre,/brand/finisterre
147,THE M|N|ML,/brand/the-mnml
148,SANIKAI,/brand/sanikai
149,Yes And,/brand/yes-and
150,Aiayu,/brand/aiayu
151,Engel,/brand/engel
152,Love Linen,/brand/love-linen
153,nu-in,/brand/nu-in
154,Bozena Jankowska,/brand/bozena-jankowska
155,Cus,/brand/cus
156,TWOTHIRDS,/brand/twothirds
157,Z. The Label,/brand/z-the-label
158,Natascha Von Hirschhausen,/brand/natascha-von-hirschhausen
159,Outerknown,/brand/outerknown
160,Chelsea Bravo,/brand/chelsea-bravo
161,Only Just,/brand/only-just
162,Ognx,/brand/ognx
163,Ministry of Supply,/brand/ministry-of-supply
164,recolution,/brand/recolution
165,Whimsy + Row,/brand/whimsy-and-row
166,Boob,/brand/boob
167,Madia & Matilda,/brand/madia-and-matilda
168,Seek Collective,/brand/seek-collective
169,For Days,/brand/for-days
170,Frugi,/brand/frugi
171,Plant Faced Clothing,/brand/plant-faced
172,Indego Africa,/brand/indego-africa
173,Gaia Segattini Knotwear,/brand/gaia-segattini
174,Delikate Rayne,/brand/delikate-rayne
175,dk active,/brand/dk-active
176,Altar,/brand/altar
177,Sami Miro Vintage,/brand/sami-miro-vintage
178,Sinerji,/brand/sinerji
179,All the Wild Roses,/brand/all-the-wild-roses
180,Panaashe Organics,/brand/panaashe-organics
181,Terra Dea,/brand/terra-dea
182,Näz,/brand/naz
183,OhSevenDays,/brand/ohsevendays
184,Patrick McDowell,/brand/patrick-mcdowell
185,Naja,/brand/naja
186,Elliss,/brand/elliss
187,Alice Alexander,/brand/alice-alexander
188,LOCAL EUROPEAN,/brand/local-european
189,Indigenous,/brand/indigenous
190,Mara Hoffman,/brand/mara-hoffman
191,Pansy,/brand/pansy
192,Vyayama,/brand/vyayama
193,TAUKO,/brand/tauko
194,Unrecorded,/brand/unrecorded
195,Purusha People,/brand/purusha-people
196,GuterStoff,/brand/guterstoff
197,Rentrayage,/brand/rentrayage
198,The Anjelms Project,/brand/the-anjelms-project
199,Magenta Threads,/brand/magenta-threads
200,Cloe Cassandro,/brand/cloe-cassandro
201,Free Label,/brand/free-label
202,LAmade Clothing,/brand/lamade-clothing
203,LaBante,/brand/labante
204,Cagey's Planet,/brand/cageys-planet
205,Unrobe,/brand/unrobe
206,Junk Studios,/brand/junk-studios
207,Arnsdorf,/brand/arnsdorf
208,NIKIN,/brand/nikin
209,Good Krama,/brand/good-krama
210,Sundried,/brand/sundried
211,Natalija,/brand/natalija
212,CAFIN,/brand/cafin
213,Greg Lauren,/brand/greg-lauren
214,Raven + Lily,/brand/raven-lily
215,Dazey LA,/brand/dazey-la
216,caur,/brand/caur
217,Team Timbuktu,/brand/team-timbuktu
218,MANDALA,/brand/mandala
219,Sustain,/brand/sustain
220,Vin and Omi,/brand/vin-and-omi
221,Springkode,/brand/springkode
222,Palava,/brand/palava
223,éclipse,/brand/eclipse
224,Souldaze,/brand/souldaze
225,[eyd],/brand/eyd
226,Stella McCartney,/brand/stella-mccartney
227,Kluntje,/brand/kluntje
228,Fabrik,/brand/fabrik
229,TALA,/brand/tala
230,Nobody Denim,/brand/nobody-denim
231,Coalatree,/brand/coalatree
232,Woron,/brand/woron
233,RIANNA + NINA,/brand/rianna-and-nina
234,CBAAF,/brand/cbaaf
235,Vitamin A,/brand/vitamin-a
236,Mother of Pearl,/brand/mother-of-pearl
237,BAY Active,/brand/bay-active
238,tentree,/brand/tentree
239,Nomadic State of Mind,/brand/nomadic-state-of-mind
240,Orenda Tribe,/brand/orenda-tribe
241,Chopova Lowena,/brand/chopova-lowena
242,POLITE WORLDWIDE,/brand/polite-worldwide
243,ettitude,/brand/ettitude
244,émoi émoi,/brand/emoi-emoi
245,LNBF,/brand/lnbf
246,Goat Organic Apparel,/brand/goat-organic-apparel
247,Annie Hamilton,/brand/annie-hamilton
248,Prairie Underground,/brand/prairie-underground
249,MATTER,/brand/matter
250,Industry of All Nations,/brand/industry-of-all-nations
251,Savannah Morrow The Label,/brand/savannah-morrow-the-label
252,Bianca Spender,/brand/bianca-spender
253,Alder,/brand/alder
254,Ecoalf,/brand/ecoalf
255,Luva Huva,/brand/luva-huva
256,MORE BODY,/brand/more-body
257,Kuwaii,/brand/kuwaii
258,LONDRĖ,/brand/londre
259,Make An Impact,/brand/make-an-impact
260,Elena Bobysheva,/brand/elena-bobysheva
261,NAADAM,/brand/naadam
262,"Reborn, the Label",/brand/reborn-the-label
263,ARIELLE,/brand/arielle
264,RÆBURN,/brand/raeburn
265,WIILDS,/brand/wiilds
266,Aroha Langley,/brand/aroha-langley
267,LANIUS,/brand/lanius
268,FH Christensen,/brand/fh-christensen
269,Rudy Jude,/brand/rudy-jude
270,Picture,/brand/picture
271,ROSE + REGGIE,/brand/rose-reggie
272,Ecoology,/brand/ecoology
273,Neu Nomads,/brand/neu-nomads
274,Howies,/brand/howies
275,The Acey,/brand/the-acey
276,FTLA Apparel,/brand/ftla-apparel
277,Study NY,/brand/study-ny
278,Reformation,/brand/reformation
279,MONIQUE PÉAN,/brand/monique-pean
280,Edeline Lee,/brand/edeline-lee
281,337 BRAND,/brand/337-brand
282,Two Sparrow Australia,/brand/two-sparrow-australia
283,Encircled,/brand/encircled
284,Araks,/brand/araks
285,Beaumont Organic,/brand/beaumont-organic
286,Gung Ho Design,/brand/gung-ho-design
287,Marcia,/brand/marcia
288,The Ethical Silk Company,/brand/the-ethical-silk-company
289,Known Supply,/brand/known-supply
290,Jeanerica,/brand/jeanerica
291,Parker Clay,/brand/parker-clay
292,Beulah,/brand/beulah
293,Coyuchi,/brand/coyuchi
294,Wuxly,/brand/wully-outerwear
295,Charlie Mae Swimwear,/brand/charlie-mae-swimwear
296,Zilver,/brand/zilver
297,L'Envers,/brand/lenvers
298,NoMiNoU,/brand/nominou
299,Alighieri,/brand/alighieri
300,Osei-duro,/brand/osei-duro
301,Eileen Fisher,/brand/eileen-fisher
302,Jamie + The Jones,/brand/jamie-the-jones
303,Galamaar,/brand/galamaar
304,Poppie the Label,/brand/poppie-the-label
305,Jungmaven,/brand/jungmaven
306,Thinking Mu,/brand/thinking-mu
307,Komodo,/brand/komodo
308,Mimi Prober,/brand/mimi-prober
309,Designers Remix,/brand/designers-remix
310,RE-BELLO,/brand/re-bello
311,Fashion Integrity By Galeries Lafayette,/brand/fashion-integrity-by-galeries-lafayette
312,Pure Apparel,/brand/pure-apparel
313,VOZ,/brand/voz
314,Good Guys,/brand/good-guys
315,BAYTHE,/brand/baythe
316,The Level Collective,/brand/the-level-collective
317,Elk,/brand/elk
318,Ayten Gasson,/brand/ayten-gasson
319,LUNA & ROSE,/brand/luna-and-rose
320,Patagonia,/brand/patagonia
321,Lionel the Label,/brand/lionel-the-label
322,Olderbrother,/brand/olderbrother
323,Marks & Spencer,/brand/marks-and-spencer
324,Toad&Co,/brand/toad-and-co
325,Meemoza,/brand/meemoza
326,In The Soulshine,/brand/in-the-soulshine
327,HoMie,/brand/homie
328,Olga Joan,/brand/olga-joan
329,Studio 189,/brand/studio-189
330,EllA Fashion,/brand/ella-fashion
331,LAUDAE,/brand/laudae
332,Ash & Rose,/brand/ash-and-rose
333,Twofold Clothing,/brand/twofold-clothing
334,Magpie Goose,/brand/magpie-goose
335,Isla In Bloom,/brand/isla-in-bloom
336,ADAY,/brand/aday
337,Mata Traders,/brand/mata-traders
338,Sealand,/brand/sealand
339,Baukjen,/brand/baukjen
340,Eco Intimates,/brand/eco-intimates
341,NICO,/brand/nico-underwear
342,Malaika New York,/brand/malaika-new-york
343,Mimi Holvast,/brand/mimi-holvast
344,Lucy & Yak,/brand/lucy-and-yak
345,Boody,/brand/boody
346,Spell,/brand/spell
347,Laura Siegel Collection,/brand/laura-siegel-collection
348,Styland,/brand/styland
349,Charli Cohen,/brand/charli-cohen
350,Katharine Hamnett,/brand/katharine-hamnett
351,behno,/brand/behno
352,Love and Confuse,/brand/love-and-confuse
353,Threads 4 Thought,/brand/threads-4-thought
354,Cousin Billie,/brand/cousin-billie
355,A Natural Connection,/brand/a-natural-connection
356,Amour Vert,/brand/amour-vert
357,Kotn,/brand/kotn
358,Untouched World,/brand/untouched-world
359,Adidas,/brand/adidas
360,Afends,/brand/afends
361,P. J. Salvage,/brand/p-j-salvage
362,haikure,/brand/haikure
363,Good Day Girl,/brand/good-day-girl
364,Ace & Jig,/brand/ace-and-jig
365,Oliberté,/brand/oliberte
366,Mercado Global,/brand/mercado-global
367,Dolores Haze,/brand/dolores-haze
368,Nimble,/brand/nimble
369,Lucy,/brand/lucy
370,Wholesome Culture,/brand/wholesome-culture
371,El Rodeo,/brand/el-rodeo
372,Hackwith Design House,/brand/hackwith-design-house
373,JEMIMASARA,/brand/jemimasara
374,Icebreaker,/brand/icebreaker
375,The Fable,/brand/the-fable
376,Evarae,/brand/evarae
377,Bondi Born,/brand/bondi-born
378,ESCVDO,/brand/escvdo
379,MY BEACHY SIDE,/brand/my-beachy-side
380,Lé BUNS,/brand/le-buns
381,Zen Nomad,/brand/zen-nomad
382,Allison Parris,/brand/allison-parris
383,Deiji Studios,/brand/deiji-studios
384,132 5. Issey Miyake,/brand/132-5-issey-miyake
385,C&A,/brand/c-and-a
386,eleven44,/brand/eleven44
387,COS,/brand/cos
388,& Other Stories,/brand/and-other-stories
389,Margu,/brand/margu
390,The North Face,/brand/the-north-face
391,Columbia,/brand/columbia
392,Jack Wolfskin,/brand/jack-wolfskin
393,Titania Inglis,/brand/titania-inglis
394,U-MASK,/brand/u-mask
395,H&M,/brand/h-and-m
396,Angela Roi,/brand/angela-roi
397,Horizon Athletic,/brand/horizon-athletic
398,AFROBLONDE,/brand/afroblonde
399,NepaCrafts,/brand/nepacrafts
400,Wemoto,/brand/wemoto
401,G-Star RAW,/brand/g-star-raw
402,Three Graces,/brand/three-graces
403,Playtex,/brand/playtex
404,Wonderbra,/brand/wonderbra
405,Just My Size,/brand/just-my-size
406,L'eggs,/brand/leggs
407,Bali,/brand/bali
408,Beyond Bare by Barely There,/brand/beyond-bare-by-barely-there
409,Ruby & Bloom,/brand/ruby-and-bloom
410,The Boy&I,/brand/the-boyandi
411,Zanni,/brand/zanni
412,CLOSED,/brand/closed
413,Faithfull the Brand,/brand/faithfull-the-brand
414,Arket,/brand/arket
415,Samuji,/brand/samuji
416,Salty Swimwear,/brand/salty-swimwear
417,Nicole Bridger,/brand/nicole-bridger
418,Noisy may,/brand/noisy-may
419,Alexander McQueen,/brand/alexander-mcqueen
420,BEATON,/brand/beaton
421,Nau,/brand/nau
422,Eagle Creek,/brand/eagle-creek
423,Miranda Bennett Studio,/brand/miranda-bennett-studio
424,Roopa,/brand/roopa
425,Michi,/brand/michi
426,Awakind Sleepwear,/brand/awakind-sleepwear
427,Mountain Hardwear,/brand/mountain-hardwear
428,United By Blue,/brand/united-by-blue
429,Wolven,/brand/wolven-threads
430,Sük Workwear,/brand/suk-workwear
431,Able,/brand/able
432,Paris Georgia,/brand/paris-georgia
433,Orientavida,/brand/orientavida
434,Moumout,/brand/moumout
435,Aymara Textiles,/brand/aymara-textiles
436,Dreamers & Drifters,/brand/dreamers-and-drifters
437,Elegantees,/brand/elegantees
438,Fruit Of The Loom,/brand/fruit-of-the-loom
439,GmbH,/brand/gmbh
440,Bulwark,/brand/bulwark
441,Corinne,/brand/corinne
442,Carcel,/brand/carcel
443,NAGNATA,/brand/nagnata
444,Timberland,/brand/timberland
445,Napapijri,/brand/napapijri
446,Baserange,/brand/baserange
447,ELIURPI,/brand/eliurpi
448,Alkhemist,/brand/alkhemist
449,Hessnatur,/brand/hessnatur
450,Devina Louise,/brand/devina-louise
451,Tek Gear,/brand/tek-gear
452,Seasalt,/brand/seasalt
453,Bassike,/brand/bassike
454,Oshadi,/brand/oshadi
455,Gramicci,/brand/gramicci
456,Esby Apparel,/brand/esby-apparel
457,BITE,/brand/bite
458,UNIFORME,/brand/uniforme
459,GILDA & PEARL,/brand/gilda-and-pearl
460,We Are HAH,/brand/we-are-hah
461,esby,/brand/esby
462,Bjorn Borg,/brand/bjorn-borg
463,SDress,/brand/sdress
464,Rockay,/brand/rockay
465,Izzy lane,/brand/izzy-lane
466,Vivo Barefoot,/brand/vivo-barefoot
467,Chinti & Parker,/brand/chinti-and-parker
468,HIRAETH,/brand/hiraeth
469,Ngali,/brand/ngali
470,Tree of Life,/brand/tree-of-life
471,Poster Girl,/brand/poster-girl
472,Ohoy Swim,/brand/ohoy-swim
473,Märta Larsson,/brand/marta-larsson
474,Ghanda,/brand/ghanda
475,Rosie Assoulin,/brand/rosie-assoulin
476,Nothing New,/brand/nothing-new
477,Make + Model,/brand/make-model
478,Tucker + Tate,/brand/tucker-tate
479,Sun & Shadow,/brand/sun-and-shadow
480,Base Bodywear,/brand/base-bodywear
481,Norrona,/brand/norrona
482,Calvin Klein,/brand/calvin-klein
483,The Very Good Bra,/brand/the-very-good-bra
484,Olga,/brand/olga
485,Ginger & Smart,/brand/ginger-and-smart
486,Kristinit,/brand/kristinit
487,Senreve,/brand/senreve
488,Huaywasi,/brand/huaywasi
489,Burberry,/brand/burberry
490,Number 9 Fashion,/brand/number-9-fashion
491,Vans,/brand/vans
492,LISA VON TANG,/brand/lisa-von-tang
493,DL1961,/brand/dl1961
494,Smartwool,/brand/smartwool
495,Dickies,/brand/dickies
496,Warner's,/brand/warners
497,True&Co.,/brand/trueandco
498,b.YELLOWTAIL,/brand/byellowtail
499,Sorel,/brand/sorel
500,Takara,/brand/takara
501,Beachgold Lifestyle,/brand/beachgold-lifestyle
502,Majestic,/brand/majestic
503,Kate Sylvester,/brand/kate-sylvester
504,Tradlands,/brand/tradlands
505,À La Garçonne,/brand/a-la-garconne
506,Manning Cartell,/brand/manning-cartell
507,Beyond Yoga,/brand/beyond-yoga
508,IVY & OAK,/brand/ivy-and-oak
509,Alexandra Kaiser,/brand/alexandra-kaiser
510,Lost & Found,/brand/lost-and-found
511,Sheridan,/brand/sheridan
512,Tigerlily,/brand/tigerlily
513,Cuyana,/brand/cuyana
514,PF Flyers,/brand/pf-flyers
515,Muzungu Sisters,/brand/muzungu-sisters
516,Stephanie Chehade,/brand/stephanie-chehade
517,Kathmandu,/brand/kathmandu
518,IZOD,/brand/izod
519,ANDRA THE LABEL,/brand/andra-the-label
520,Matteau,/brand/matteau
521,Dearborn Denim,/brand/dearborn-denim
522,Marfa Stance,/brand/marfa-stance
523,BANJANAN,/brand/banjanan
524,Uniqlo,/brand/uniqlo
525,Pier One,/brand/pier-one
526,Collina Strada,/brand/collina-strada
527,TINDI,/brand/tindi
528,Anna Field,/brand/anna-field
529,Indosole,/brand/indosole
530,Jordan,/brand/jordan
531,Kirrin Finch,/brand/kirrin-finch
532,an an londree,/brand/an-an-londree
533,Fjällräven,/brand/fjallraven
534,Chromat,/brand/chromat
535,AKOIASWIM,/brand/akoiaswim
536,Levi's,/brand/levis
537,JanSport,/brand/jansport
538,J Brand,/brand/j-brand
539,Samantha Pleet,/brand/samantha-pleet
540,KITX,/brand/kitx
541,Van Heusen,/brand/van-heusen
542,Lowie,/brand/lowie
543,Eastpak,/brand/eastpak
544,Gina Tricot,/brand/gina-tricot
545,PatBO,/brand/patbo
546,St. Agni,/brand/st-agni
547,ADISH,/brand/adish
548,BP.,/brand/bp
549,Treasure&Bond,/brand/treasure-and-bond
550,Trouvé,/brand/trouve
551,Symbology,/brand/symbology
552,MAKE,/brand/make
553,Caftanii,/brand/caftanii
554,Micaela Greg,/brand/micaela-greg
555,prAna,/brand/prana
556,Puma,/brand/puma
557,Splendid,/brand/splendid
558,Andrea Lucy Designs,/brand/andrea-lucy-designs
559,Vanina,/brand/vanina
560,Silken Favours,/brand/silken-favours
561,Arnhem,/brand/arnhem
562,American Apparel,/brand/american-apparel
563,Extreme Cashmere,/brand/extreme-cashmere
564,Martha Medeiros,/brand/martha-medeiros
565,Tomboyx,/brand/tomboyx
566,lemlem,/brand/lemlem
567,Marimekko,/brand/marimekko
568,Rahul Mishra,/brand/rahul-mishra
569,Denizen from Levi's,/brand/denizen-from-levis
570,Awave Awake,/brand/awave-awake
571,Klättermusen,/brand/klattermusen
572,Le Slip Français,/brand/le-slip-francais
573,78Stitches,/brand/78stitches
574,Dockers,/brand/dockers
575,Alternative Apparel,/brand/alternative-apparel
576,Alpha60,/brand/alpha60
577,Zella,/brand/zella
578,FAGUO,/brand/faguo
579,Momoco Bikini,/brand/momoco-bikini
580,Filippa K,/brand/filippa-k
581,Live The Process,/brand/live-the-process
582,Sessùn,/brand/sessun
583,Citizens of Humanity,/brand/citizens-of-humanity
584,Houghton,/brand/houghton
585,Halogen,/brand/halogen
586,Sejour,/brand/sejour
587,Chelsea28,/brand/chelsea28
588,ÀLG,/brand/alg
589,Bobo Choses,/brand/bobo-choses
590,M.i.h Jeans,/brand/mih-jeans
591,Banana Republic,/brand/banana-republic
592,Lylou the label,/brand/lylou-the-label
593,Kipling,/brand/kipling
594,Organic by John Patrick,/brand/organic-by-john-patrick
595,Ninety Percent,/brand/ninety-percent
596,Zeus+Dione,/brand/zeus-dione
597,Maiyet,/brand/maiyet
598,Viktoria and Woods,/brand/viktoria-and-woods
599,Bik Bok,/brand/bik-bok
600,Marine Layer,/brand/marine-layer
601,VIHE,/brand/vihe
602,Zalando Essentials,/brand/zalando-essentials
603,Ekoyg,/brand/ekoyg
604,Gabriela Hearst,/brand/gabriela-hearst
605,Caravana,/brand/caravana
606,Garçonne,/brand/garconne
607,Akuna Swimwear,/brand/akuna-swimwear
608,foundling,/brand/foundling
609,Pour Les Femmes,/brand/pour-les-femmes
610,Loop Swim,/brand/loop-swim
611,Balenciaga,/brand/balenciaga
612,REEF,/brand/reef
613,FAE,/brand/fae
614,Gap,/brand/gap
615,Crossroads,/brand/crossroads
616,Hurley,/brand/hurley
617,Millers,/brand/millers
618,Spalding,/brand/spalding
619,Vanity Fair,/brand/vanity-fair
620,Intermix,/brand/intermix
621,Gymshark,/brand/gymshark
622,KORAL,/brand/koral
623,ASOS,/brand/asos
624,Trenery,/brand/trenery
625,Edward Crutchley,/brand/edward-crutchley
626,SCHIESSER,/brand/schiesser
627,Bibico,/brand/bibico
628,Croft & Barrow,/brand/croft-and-barrow
629,Cotopaxi,/brand/cotopaxi
630,Champion,/brand/champion
631,Big Bud Press,/brand/big-bud-press
632,Samuel Gui Yang,/brand/samuel-gui-yang
633,Classiques Entier,/brand/classiques-entier
634,Apt. 9,/brand/apt-9
635,Bershka,/brand/bershka
636,Lindex,/brand/lindex
637,Stradivarius,/brand/stradivarius
638,Rosamosario,/brand/rosamosario
639,Never Fully Dressed,/brand/never-fully-dressed
640,Melie Bianco,/brand/melie-bianco
641,Saint Tropez,/brand/saint-tropez
642,KMART Australia,/brand/kmart-australia
643,Seidensticker,/brand/seidensticker
644,L'ETE FEMME,/brand/lete-femme
645,SATISFY,/brand/satisfy
646,BATSHEVA,/brand/batsheva
647,House of Aama,/brand/house-of-aama
648,Clare Vivier,/brand/clare-vivier
649,AMUR,/brand/amur
650,Endless Joy,/brand/endless-joy
651,Macpac,/brand/macpac
652,Country Road,/brand/country-road
653,Hunkemöller,/brand/hunkemoller
654,Carine Gilson,/brand/carine-gilson
655,Jeanswest,/brand/jeanswest
656,SO,/brand/so
657,DÔEN,/brand/doen
658,paria /FARZANEH,/brand/paria-farzaneh
659,Rejina Pyo,/brand/rejina-pyo
660,Staud,/brand/staud
661,Old Navy,/brand/old-navy
662,Cienne,/brand/cienne
663,Zara,/brand/zara
664,Bravissimo,/brand/bravissimo
665,Asics,/brand/asics
666,Oysho,/brand/oysho
667,Salvatore Ferragamo,/brand/salvatore-ferragamo
668,New Look,/brand/new-look
669,TINYCOTTONS,/brand/tinycottons
670,b.young,/brand/byoung
671,Gestuz,/brand/gestuz
672,Knix,/brand/knix
673,Wolf & Rita,/brand/wolf-and-rita
674,Pull&Bear,/brand/pull-and-bear
675,TAHLO,/brand/tahlo
676,HEIMAT ATLANTICA,/brand/heimat-atlantica
677,Le Kasha,/brand/le-kasha
678,American Rag,/brand/american-rag
679,A Peace Treaty,/brand/a-peace-treaty
680,GANNI,/brand/ganni
681,Sanuk,/brand/sanuk
682,Jacob Cohën,/brand/jacob-cohen
683,Marcs,/brand/marcs
684,RE/Done,/brand/redone
685,United Colors of Benetton,/brand/united-colors-of-benetton
686,BON'A PARTE,/brand/bona-parte
687,Claudia Sträter,/brand/claudia-strater
688,Wauw Capow,/brand/wauw-capow
689,Massimo Dutti,/brand/massimo-dutti
690,Lands' End,/brand/lands-end
691,Big W,/brand/big-w
692,Sachin & Babi,/brand/sachin-and-babi
693,For Love and Lemons,/brand/for-love-and-lemons
694,SHEKOU,/brand/shekou
695,Figue,/brand/figue
696,Everlast,/brand/everlast
697,Piper,/brand/piper
698,Basque,/brand/basque
699,Uterqüe,/brand/uterque
700,Savari Swimwear,/brand/savari-swimwear
701,Kaffe,/brand/kaffe
702,Debenhams,/brand/debenhams
703,Lorna Jane,/brand/lorna-jane
704,Misha Nonoo,/brand/misha-nonoo
705,Toga,/brand/toga
706,Karen Walker,/brand/karen-walker
707,APPLETREES,/brand/appletrees
708,Robyn Lynch,/brand/robyn-lynch
709,Simon Miller,/brand/simon-miller
710,Public School,/brand/public-school
711,Zeeman,/brand/zeeman
712,Black Milk Clothing,/brand/black-milk-clothing
713,Club Monaco,/brand/club-monaco
714,David Jones,/brand/david-jones
715,Dyspnea,/brand/dyspnea
716,Mott & Bow,/brand/mott-and-bow
717,Linea,/brand/linea
718,Rlx,/brand/rlx
719,Filling Pieces,/brand/filling-pieces
720,Wood Wood,/brand/wood-wood
721,AYNI,/brand/ayni
722,Mama;licious,/brand/mamalicious
723,1017 Alyx 9SM,/brand/1017-alyx-9sm
724,Suzanne Grae,/brand/suzanne-grae
725,Acne Studios,/brand/acne-studios
726,Rosetta Getty,/brand/rosetta-getty
727,AMBUSH,/brand/ambush
728,Moma,/brand/moma
729,Dressbarn,/brand/dressbarn
730,Kiton,/brand/kiton
731,Ambra Maddalena,/brand/ambra-maddalena
732,Factorie,/brand/factorie
733,Principles,/brand/principles
734,Louis Leeman,/brand/louis-leeman
735,Joslin,/brand/joslin
736,Miss Selfridge,/brand/miss-selfridge
737,Cream,/brand/cream
738,Witchery,/brand/witchery
739,L'urv,/brand/lurv
740,Guess,/brand/guess-inc
741,Studio Jacklyn,/brand/studio-jacklyn
742,Tateossian,/brand/tateossian
743,REI,/brand/rei
744,John Lewis,/brand/john-lewis
745,Vuarnet,/brand/vuarnet
746,WARDROBE.NYC,/brand/wardrobenyc
747,Summersalt,/brand/summersalt
748,Taylor Yates,/brand/taylor-yates
749,Ellery,/brand/ellery
750,Cotton On Body,/brand/cotton-on-body
751,Bonds,/brand/bonds
752,Hanes,/brand/hanes
753,Chalayan,/brand/chalayan
754,ellesse,/brand/ellesse
755,ISOLDA,/brand/isolda
756,Marlies Dekkers,/brand/marlies-dekkers
757,Etam,/brand/etam
758,Supré,/brand/supre
759,FOLKLOORE,/brand/folkloore
760,Takko,/brand/takko
761,Decathlon,/brand/decathlon
762,Sunspel,/brand/sunspel
763,Rubi,/brand/rubi
764,Makia,/brand/makia
765,L'Autre Chose,/brand/lautre-chose
766,Doucal's,/brand/doucals
767,Adam Lippes,/brand/adam-lippes
768,Nobody's Child,/brand/nobodys-child
769,Chopard,/brand/chopard
770,Sfera,/brand/sfera
771,Wales Bonner,/brand/wales-bonner
772,HENRIK VIBSKOV,/brand/henrik-vibskov
773,Barbour,/brand/barbour
774,Zanzan,/brand/zanzan
775,Innika Choo,/brand/innika-choo
776,V by Very,/brand/v-by-very
777,Petite Studio,/brand/petite-studio
778,Whistles,/brand/whistles
779,Gorman,/brand/gorman
780,ONLY,/brand/only
781,HappyxNature,/brand/happyxnature
782,Outdoor Voices,/brand/outdoor-voices
783,Lipsy London,/brand/lipsy-london
784,Edie Parker,/brand/edie-parker
785,FEAR OF GOD,/brand/fear-of-god
786,Cache Cache,/brand/cache-cache
787,The Elder Statesman,/brand/the-elder-statesman
788,R.M. Williams,/brand/rm-williams
789,FACETASM,/brand/facetasm
790,Damir Doma,/brand/damir-doma
791,Plan C,/brand/plan-c
792,Everlane,/brand/everlane
793,Mammut,/brand/mammut
794,Vegan Style,/brand/vegan-style
795,Lauren,/brand/lauren
796,A New Day,/brand/a-new-day
797,Tumi,/brand/tumi
798,GCDS,/brand/gcds
799,KSENIASCHNAIDER,/brand/kseniaschnaider
800,Cee Cee's Closet,/brand/cee-cees-closet
801,Hunter,/brand/hunter
802,Vivienne Westwood,/brand/vivienne-westwood
803,Handred Studio,/brand/handred-studio
804,Russell Athletic,/brand/russell-athletic
805,Sweaty Betty,/brand/sweaty-betty
806,Odd Molly,/brand/odd-molly
807,Ralph Lauren,/brand/ralph-lauren
808,Denim & Supply,/brand/denim-and-supply
809,JAG,/brand/jag
810,Maison 123,/brand/maison-123
811,The Herbivore Clothing Company,/brand/the-herbivore-clothing-company
812,Leafy Souls,/brand/leafy-souls
813,Chloe Gosselin,/brand/chloe-gosselin
814,WANT Les Essentiels,/brand/want-les-essentiels
815,BARBARA I GONGINI,/brand/barbara-i-gongini
816,Forever New,/brand/forever-new
817,MISBHV,/brand/misbhv
818,forte_forte,/brand/forte-forte
819,Target Australia,/brand/target-australia
820,Arizona Love,/brand/arizona-love
821,Springfield,/brand/springfield
822,La Senza,/brand/la-senza
823,Los Angeles Apparel,/brand/los-angeles-apparel
824,Reserved,/brand/reserved
825,Matalan,/brand/matalan
826,Primark,/brand/primark
827,WRAY,/brand/wray
828,JW Pei,/brand/jw-pei
829,Rebecca Vallance,/brand/rebecca-vallance
830,Buscemi,/brand/buscemi
831,2XU,/brand/2xu
832,Nanushka,/brand/nanushka
833,On,/brand/on
834,Topshop,/brand/topshop
835,Chi Chi London,/brand/chi-chi-london
836,VERO MODA,/brand/vero-moda
837,Masterpeace,/brand/masterpeace
838,Brandon Maxwell,/brand/brandon-maxwell
839,Lane Bryant,/brand/lane-bryant
840,Mark Cross,/brand/mark-cross
841,Kate Spade,/brand/kate-spade
842,Autograph,/brand/autograph
843,Rivers,/brand/rivers
844,Katies,/brand/katies
845,City Chic,/brand/city-chic
846,Ted Baker,/brand/ted-baker
847,VILA,/brand/vila
848,ALIX NYC,/brand/alix-nyc
849,Suzanne Rae,/brand/suzanne-rae
850,Hugo Boss,/brand/hugo-boss
851,Holden,/brand/holden
852,SABA,/brand/saba
853,White Stuff,/brand/white-stuff
854,Sézane,/brand/sezane
855,HANEY,/brand/haney
856,F.A.M.T.,/brand/famt
857,Galeries Lafayette,/brand/galeries-lafayette
858,District Vision,/brand/district-vision
859,True Religion,/brand/true-religion
860,GOLDSIGN,/brand/goldsign
861,Hot Sox,/brand/hot-sox
862,Giorgio Brato,/brand/giorgio-brato
863,Tiffosi,/brand/tiffosi
864,MARLE,/brand/marle
865,Alo,/brand/alo
866,Benedetta,/brand/benedetta
867,Envelope1976,/brand/envelope1976
868,Jaggad,/brand/jaggad
869,LAPOINTE,/brand/lapointe
870,Sara Battaglia,/brand/sara-battaglia
871,Alessandra Rich,/brand/alessandra-rich
872,Staple the Label,/brand/staple-the-label
873,Charlotte Russe,/brand/charlotte-russe
874,Hush,/brand/hush
875,Malo,/brand/malo
876,Chloé,/brand/chloe
877,Aldo,/brand/aldo
878,Rosemunde,/brand/rosemunde
879,Elisabeth Weinstock,/brand/elisabeth-weinstock
880,Next,/brand/next
881,Sportscraft,/brand/sportscraft
882,Status Anxiety,/brand/status-anxiety
883,Marysia,/brand/marysia
884,Schiaparelli,/brand/schiaparelli
885,NO KA' OI,/brand/no-ka-oi
886,Eddie Bauer,/brand/eddie-bauer
887,Revival,/brand/revival
888,Lazy Oaf,/brand/lazy-oaf
889,Onitsuka Tiger,/brand/onitsuka-tiger
890,PGA Tour,/brand/pga-tour
891,Romance Was Born,/brand/romance-was-born
892,Garage,/brand/garage
893,Chiara Ferragni,/brand/chiara-ferragni
894,Grana,/brand/grana
895,Roots,/brand/roots
896,Triya,/brand/triya
897,Sportsgirl,/brand/sportsgirl
898,macgraw,/brand/macgraw
899,Elka Collective,/brand/elka-collective
900,Ruby,/brand/ruby
901,Women'Secret,/brand/womensecret
902,Maurices,/brand/maurices
903,Rapha,/brand/rapha
904,CAMILLA,/brand/camilla
905,Aerie,/brand/aerie
906,Evam Eva,/brand/evam-eva
907,Alaïa,/brand/alaia
908,Walmart,/brand/walmart
909,Catherines,/brand/catherines
910,Promiss,/brand/promiss
911,Yves Salomon Fourreur,/brand/yves-salomon-fourreur
912,Uma Raquel Davidowicz,/brand/uma-raquel-davidowicz
913,Brownie,/brand/brownie
914,SemSem,/brand/semsem
915,Wrangler,/brand/wrangler
916,Vilebrequin,/brand/vilebrequin
917,Aztech Mountain,/brand/aztech-mountain
918,Equus,/brand/equus
919,CKS,/brand/cks
920,Samsøe & Samsøe,/brand/samsoe-samsoe
921,Noni B,/brand/noni-b
922,Ben Sherman,/brand/ben-sherman
923,Dotti,/brand/dotti
924,KOOKAÏ,/brand/kookai
925,DROMe,/brand/drome
926,Maurie & Eve,/brand/maurie-and-eve
927,Kit and Ace,/brand/kit-and-ace
928,Soulland,/brand/soulland
929,Herschel Supply Co.,/brand/herschel-supply-co
930,We Are Kindred,/brand/we-are-kindred
931,Reigning Champ,/brand/reigning-champ
932,Marmot,/brand/marmot
933,Jigsaw,/brand/jigsaw
934,Goat,/brand/goat
935,Isotoner,/brand/isotoner
936,Dangerfield,/brand/dangerfield
937,Mint Velvet,/brand/mint-velvet
938,FRAME,/brand/frame
939,FENTY,/brand/fenty
940,MANU Atelier,/brand/manu-atelier
941,Sunuva,/brand/sunuva
942,Tsuki,/brand/tsuki
943,Miss Etam,/brand/miss-etam
944,Ann Taylor,/brand/ann-taylor
945,CAMILLA AND MARC,/brand/camilla-and-marc
946,Simonetta Ravizza,/brand/simonetta-ravizza
947,Chico's,/brand/chicos
948,White House Black Market,/brand/white-house-black-market
949,Soma,/brand/soma
950,Princess Highway,/brand/princess-highway
951,Monsoon,/brand/monsoon
952,Études,/brand/etudes
953,Manduka,/brand/manduka
954,Hobbs,/brand/hobbs
955,Pilyq,/brand/pilyq
956,Emilio Pucci,/brand/emilio-pucci
957,Joules,/brand/joules
958,Lauren Manoogian,/brand/lauren-manoogian
959,Steps,/brand/steps
960,Desigual,/brand/desigual
961,Vika Gazinskaya,/brand/vika-gazinskaya
962,Holland & Holland,/brand/holland-and-holland
963,Skin,/brand/skin
964,Ulla Johnson,/brand/ulla-johnson
965,Glassons,/brand/glassons
966,Patou,/brand/patou
967,PITUSA,/brand/pitusa
968,Jake*s,/brand/jakes
969,Callaway,/brand/callaway
970,Jack Nicklaus,/brand/jack-nicklaus
971,FatFace,/brand/fatface
972,Vince,/brand/vince
973,Maison Labiche,/brand/maison-labiche
974,Alannah Hill,/brand/alannah-hill
975,Tutu Du Monde,/brand/tutu-du-monde
976,N.Peal,/brand/npeal
977,Django & Juliette,/brand/django-and-juliette
978,Salomon,/brand/salomon
979,Sussan,/brand/sussan
980,Under Armour,/brand/under-armour
981,Mango,/brand/mango
982,American Eagle,/brand/american-eagle
983,Olive,/brand/olive
984,TEN TWELVE,/brand/ten-twelve
985,Palladium,/brand/palladium
986,Derhy,/brand/derhy
987,By Malene Birger,/brand/by-malene-birger
988,Mulberry,/brand/mulberry
989,PacSun,/brand/pacsun
990,AUBADE,/brand/aubade
991,L.K. Bennett,/brand/lk-bennett
992,Lee Mathews,/brand/lee-matthews
993,Assembly Label,/brand/assembly-label
994,Cortefiel,/brand/cortefiel
995,BOLD Swim,/brand/bold-swim
996,Modström,/brand/modstrom
997,R13,/brand/r13
998,And Less,/brand/and-less
999,Cue,/brand/cue
1000,Cotton On,/brand/cotton-on
1001,Nili Lotan,/brand/nili-lotan
1002,La Redoute,/brand/la-redoute
1003,Diane von Furstenberg (DVF),/brand/diane-von-furstenberg-dvf
1004,ERIKA CAVALLINI,/brand/erika-cavallini
1005,7 For All Mankind,/brand/7-for-all-mankind
1006,Valleygirl,/brand/valleygirl
1007,Volley,/brand/volley
1008,Bardot,/brand/bardot
1009,Rockmans,/brand/rockmans
1010,Khaore,/brand/khaore
1011,House of Holland,/brand/house-of-holland
1012,TEMT,/brand/temt
1013,Yarra Trail,/brand/yarra-trail
1014,Tom Wood,/brand/tom-wood
1015,Rossignol,/brand/rossignol
1016,Alberta Ferretti,/brand/alberta-ferretti
1017,Maisie Wilen,/brand/maisie-wilen
1018,Lucky Brand Jeans,/brand/lucky-brand-jeans
1019,Prabal Gurung,/brand/prabal-gurung
1020,LOFT,/brand/loft
1021,Lee,/brand/lee
1022,PAIGE,/brand/paige
1023,Modern Citizen,/brand/modern-citizen
1024,Aéropostale,/brand/aeropostale
1025,Hunting Season,/brand/hunting-season
1026,HERVE LEGER,/brand/herve-leger
1027,HEMA,/brand/hema
1028,Venroy,/brand/venroy
1029,Tiba + Marl,/brand/tiba---marl
1030,White Rabbit,/brand/white-rabbit
1031,Aritzia,/brand/aritzia
1032,OBEY,/brand/obey
1033,Hush Puppies,/brand/hush-puppies
1034,Cat Footwear,/brand/cat-footwear
1035,DECJUBA,/brand/decjuba
1036,Top End,/brand/top-end
1037,Max,/brand/max
1038,Mollini,/brand/mollini
1039,Prévu,/brand/prevu
1040,RtA,/brand/rta
1041,Boden,/brand/boden
1042,Natura,/brand/natura
1043,Kiki De Montparnasse,/brand/kiki-de-montparnasse
1044,J&M Davidson,/brand/jandm-davidson
1045,Humanoid,/brand/humanoid
1046,Eleventy,/brand/eleventy
1047,Madewell,/brand/madewell
1048,KENZO,/brand/kenzo
1049,J.Crew,/brand/jcrew
1050,Scotch & Soda,/brand/scotch-and-soda
1051,Hollister,/brand/hollister
1052,Erdem,/brand/erdem
1053,John Elliott,/brand/john-elliott
1054,Abercrombie & Fitch,/brand/abercrombie-and-fitch
1055,Universal Standard,/brand/universal-standard
1056,Joseph,/brand/joseph
1057,Forever 21,/brand/forever-21
1058,Nina Ricci,/brand/nina-ricci
1059,Talbots,/brand/talbots
1060,TOAST,/brand/toast
1061,Agnes B.,/brand/agnes-b
1062,ALEXACHUNG,/brand/alexachung
1063,Rip Curl,/brand/rip-curl
1064,Sam Edelman,/brand/sam-edelman
1065,Amazon,/brand/amazon
1066,O'Neill,/brand/oneill
1067,Fabiana Filippi,/brand/fabiana-filippi
1068,La Halle,/brand/la-halle
1069,Veronika Maine,/brand/veronika-maine
1070,Marc Jacobs,/brand/marc-jacobs
1071,Christian Wijnants,/brand/christian-wijnants
1072,GEORGIA ALICE,/brand/georgia-alice
1073,KHAITE,/brand/khaite
1074,Loewe,/brand/loewe
1075,EQUIPMENT,/brand/equipment
1076,Derek Lam,/brand/derek-lam
1077,ISHKA,/brand/ishka
1078,Kiabi,/brand/kiabi
1079,else,/brand/else
1080,Urban Outfitters,/brand/urban-outfitters
1081,Carhartt,/brand/carhartt
1082,JoJo Maman Bébé,/brand/jojo-maman-bebe
1083,Lanvin,/brand/lanvin
1084,Canada Goose,/brand/canada-goose
1085,Iceberg,/brand/iceberg
1086,Saucony,/brand/saucony
1087,Lonsdale,/brand/lonsdale
1088,ANINE BING,/brand/anine-bing
1089,WONE,/brand/wone
1090,Yohji Yamamoto,/brand/yohji-yamamoto
1091,Coast,/brand/coast
1092,s.Oliver RED LABEL,/brand/soliver-red-label
1093,s.Oliver BLACK LABEL,/brand/soliver-black-label
1094,Review,/brand/review
1095,Minimum,/brand/minimum
1096,KILLSTAR,/brand/killstar
1097,Nasty Gal,/brand/nasty-gal
1098,L.L.Bean,/brand/llbean
1099,Freya Lingerie and Swimwear,/brand/freya-lingerie-and-swimwear
1100,MSGM,/brand/msgm
1101,Karen Kane,/brand/karen-kane
1102,PrettyLittleThing,/brand/prettylittlething
1103,AMIRI,/brand/amiri
1104,Sperry,/brand/sperry
1105,Gianvito Rossi,/brand/gianvito-rossi
1106,Paper London,/brand/paper-london
1107,Loro Piana,/brand/loro-piana
1108,Zimmermann,/brand/zimmermann
1109,Nordstrom,/brand/nordstrom
1110,Ryan Roche,/brand/ryan-roche
1111,bebe,/brand/bebe
1112,Moncler,/brand/moncler
1113,Diane von Furstenberg,/brand/diane-von-furstenberg
1114,Jason Wu,/brand/jason-wu
1115,Coach,/brand/coach
1116,Dubarry,/brand/dubarry
1117,Fcuk,/brand/fcuk
1118,Alpha Industries,/brand/alpha-industries
1119,OUR LEGACY,/brand/our-legacy
1120,Banana Moon,/brand/banana-moon
1121,Boohoo,/brand/boohoo
1122,karrimor,/brand/karrimor
1123,Lafuma,/brand/lafuma
1124,Merrell,/brand/merrell
1125,Delpozo,/brand/delpozo
1126,Pépé Jeans,/brand/pepe-jeans
1127,Temperly London,/brand/temperly-london
1128,Modcloth,/brand/modcloth
1129,Kenneth Ize,/brand/kenneth-ize
1130,Agnona,/brand/agnona
1131,United Nude,/brand/united-nude
1132,Free People,/brand/free-people
1133,Anthropologie,/brand/anthropologie
1134,Volcom,/brand/volcom
1135,CELINE,/brand/celine
1136,Givenchy,/brand/givenchy
1137,Armani Exchange,/brand/armani-exchange
1138,French ConnectionGone,/brand/french-connection
1139,12 STOREEZ,/brand/12-storeez
1140,River Island,/brand/river-island
1141,All Things Mochi,/brand/all-things-mochi
1142,Seed Heritage,/brand/seed-heritage
1143,NA-KD,/brand/na-kd
1144,Dior,/brand/dior
1145,Cynthia Rowley,/brand/cynthia-rowley
1146,Superdry,/brand/superdry
1147,Giorgio Armani,/brand/giorgio-armani
1148,Kent & Curwen,/brand/kent-and-curwen
1149,Longchamp,/brand/longchamp
1150,Regatta Australia,/brand/regatta-australia
1151,Lacoste,/brand/lacoste
1152,Natasha Zinko,/brand/natasha-zinko
1153,Chantelle,/brand/chantelle
1154,Blue Illusion,/brand/blue-illusion
1155,Lonely Lingerie,/brand/lonely-lingerie
1156,Boom Shankar,/brand/boom-shankar
1157,Bras N Things,/brand/bras-n-things
1158,See U Soon,/brand/see-u-soon
1159,Suncoo,/brand/suncoo
1160,Fred Perry,/brand/fred-perry
1161,Ed Hardy,/brand/ed-hardy
1162,Jacqui E,/brand/jacqui-e
1163,SANDRO PARIS,/brand/sandro-paris
1164,REISS,/brand/reiss
1165,AllSaints,/brand/allsaints
1166,Theory,/brand/theory
1167,Cordings,/brand/cordings
1168,Fendi,/brand/fendi
1169,Hermina Athens,/brand/hermina-athens
1170,Paul Smith,/brand/paul-smith
1171,Armani,/brand/armani
1172,Paco Rabanne,/brand/paco-rabanne
1173,Miu Miu,/brand/miu-miu
1174,Eckhaus Latta,/brand/eckhaus-latta
1175,Diesel,/brand/diesel
1176,Schott NYC,/brand/schott-nyc
1177,Salsa Jeans,/brand/salsa-jeans
1178,AG Jeans,/brand/ag-jeans
1179,Keds,/brand/keds
1180,duskii,/brand/duskii
1181,Just Jeans,/brand/just-jeans
1182,Dillard's,/brand/dillards
1183,FILA,/brand/fila
1184,O-Mighty,/brand/o-mighty
1185,Christian Louboutin,/brand/christian-louboutin
1186,BIMBA Y LOLA,/brand/bimba-y-lola
1187,Bisley,/brand/bisley
1188,Jump,/brand/jump
1189,Kachel,/brand/kachel
1190,Marine Serre,/brand/marine-serre
1191,Oliver Bonas,/brand/oliver-bonas
1192,Fabletics,/brand/fabletics
1193,Skechers,/brand/skechers
1194,Good American,/brand/good-american
1195,Ermanno Scervino,/brand/ermanno-scervino
1196,rag & bone,/brand/rag-and-bone
1197,Portmans,/brand/portmans
1198,Silvia Tcherassi,/brand/silvia-tcherassi
1199,Marni,/brand/marni
1200,Stella Jean,/brand/stella-jean
1201,Simons,/brand/simons
1202,Roxy,/brand/roxy
1203,Monday Swimwear,/brand/monday-swimwear
1204,Sass & Bide,/brand/sass-and-bide
1205,Prada,/brand/prada
1206,Versace,/brand/versace
1207,Juun.J,/brand/juunj
1208,Lucky Brand,/brand/lucky-brand
1209,Nine West,/brand/nine-west
1210,Dolce & Gabbana,/brand/dolce-and-gabbana
1211,Jil Sander,/brand/jil-sander
1212,Maison Margiela,/brand/maison-margiela
1213,Jay Jays,/brand/jay-jays
1214,I.N.C International Concepts,/brand/inc-international-concepts
1215,Macy's,/brand/macys
1216,Myer,/brand/myer
1217,EVA,/brand/eva
1218,MeUndies,/brand/meundies
1219,Fashion Nova,/brand/fashion-nova
1220,Ally Fashion,/brand/ally-fashion
1221,TASAKI,/brand/tasaki
1222,Princess Polly,/brand/princess-polly
1223,DC Shoes,/brand/dc-shoes
1224,RVCA,/brand/rvca
1225,DKNY,/brand/dkny
1226,Billabong,/brand/billabong
1227,Quiksilver,/brand/quiksilver
1228,Element,/brand/element
1229,Roberto Cavalli,/brand/roberto-cavalli
1230,FRAMED,/brand/framed
1231,Lethicia Bronstein,/brand/lethicia-bronstein
1232,ANNA QUAN,/brand/anna-quan
1233,Kwaidan Editions,/brand/kwaidan-editions
1234,Bally,/brand/bally
1235,Von Zipper,/brand/von-zipper
1236,SPANX,/brand/spanx
1237,Savage X Fenty,/brand/savage-x-fenty
1238,Forcast,/brand/forcast
1239,Rebecca Taylor,/brand/rebecca-taylor
1240,Papaya,/brand/papaya
1241,Vetements,/brand/vetements
1242,Réalisation Par,/brand/realisation-par
1243,Brave Soul,/brand/brave-soul
1244,Hemant and Nandita,/brand/hemant-and-nandita
1245,Sacai,/brand/sacai
1246,Heliot Emil,/brand/heliot-emil
1247,Commission NYC,/brand/commission-nyc
1248,Magda Butrym,/brand/magda-butrym
1249,Terry,/brand/terry
1250,Estilé,/brand/estile
1251,Molly Goddard,/brand/molly-goddard
1252,STAND STUDIO,/brand/stand-studio
1253,Ksubi,/brand/ksubi
1254,Deck,/brand/deck
1255,Verge Girl,/brand/verge-girl
1256,Cloak,/brand/cloak
1257,Gal Meets Glam,/brand/gal-meets-glam
1258,FarmRio,/brand/farmrio
1259,Sacoor Brothers,/brand/sacoor-brothers
1260,Undercover,/brand/undercover
1261,The Arrivals,/brand/the-arrivals
1262,Sandy Liang,/brand/sandy-liang
1263,Sies Marjan,/brand/sies-marjan
1264,SUBOO,/brand/suboo
1265,Tu Es Mon Trésor,/brand/tu-es-mon-tresor
1266,Tadashi Shoji,/brand/tadashi-shoji
1267,Strateas Carlucci,/brand/strateas-carlucci
1268,Track & Field,/brand/track-and-field
1269,VeeCollective,/brand/veecollective
1270,Haight,/brand/haight
1271,Tibi,/brand/tibi
1272,Just Cavalli,/brand/just-cavalli
1273,PINKO,/brand/pinko
1274,Natori,/brand/natori
1275,Myla,/brand/myla
1276,Michelle Mason,/brand/michelle-mason
1277,Rachel Gilbert,/brand/rachel-gilbert
1278,John John,/brand/john-john
1279,Jill Jill Stuart,/brand/jill-jill-stuart
1280,Nicole Miller,/brand/nicole-miller
1281,Goen.J,/brand/goenj
1282,Narciso Rodriguez,/brand/narciso-rodriguez
1283,Reinaldo Lourenço,/brand/reinaldo-lourenco
1284,Onia,/brand/onia
1285,Ground Zero,/brand/ground-zero
1286,Jill Stuart,/brand/jill-stuart
1287,Julius,/brand/julius
1288,le soleil d’été,/brand/le-soleil-dete
1289,KOCHÉ,/brand/koche
1290,UNIF,/brand/unif
1291,MAISON MIHARA YASUHIRO,/brand/maison-mihara-yasuhiro
1292,Lilly Sarti,/brand/lilly-sarti
1293,NICHOLAS,/brand/nicholas
1294,Lauf,/brand/lauf
1295,kolor,/brand/kolor
1296,ESCADA,/brand/escada
1297,Dorothee Schumacher,/brand/dorothee-schumacher
1298,Camaïeu,/brand/camaieu
1299,Cecilia Prado,/brand/cecilia-prado
1300,EGREY,/brand/egrey
1301,BOTIER,/brand/botier
1302,Christian Siriano,/brand/christian-siriano
1303,Aje,/brand/aje
1304,alice McCall,/brand/alice-mccall
1305,ROTATE,/brand/rotate
1306,Cecilie Bahnsen,/brand/cecilie-bahnsen
1307,REMAIN,/brand/remain
1308,Alexis,/brand/alexis
1309,Amir Slama,/brand/amir-slama
1310,Fleur du Mal,/brand/fleur-du-mal
1311,Folk,/brand/folk
1312,Briston,/brand/briston
1313,Andrea Marques,/brand/andrea-marques
1314,CUSHNIE,/brand/cushnie
1315,Athletic Propulsion Labs,/brand/athletic-propulsion-labs
1316,COURREGES,/brand/courreges
1317,Caramel,/brand/caramel
1318,CLUBE BOSSA,/brand/clube-bossa
1319,ACLER,/brand/acler
1320,Gelareh Mizrahi,/brand/gelareh-mizrahi
1321,Altuzarra,/brand/altuzarra
1322,Alex Perry,/brand/alex-perry
1323,Adriana Degreas,/brand/adriana-degreas
1324,Esteban Cortazar,/brand/esteban-cortazar
1325,Cinq à Sept,/brand/cinq-a-sept
1326,A.L.C,/brand/alc
1327,Fiorucci,/brand/fiorucci
1328,Each Other,/brand/each-other
1329,Cult Gaia,/brand/cult-gaia
1330,Christopher Esber,/brand/christopher-esber
1331,Moschino,/brand/moschino
1332,Woolrich,/brand/woolrich
1333,Oh Polly,/brand/oh-polly
1334,Bambah,/brand/bambah
1335,Perfect Moment,/brand/perfect-moment
1336,Nº21,/brand/n-21
1337,nununu,/brand/nununu
1338,MC2 SAINT BARTH,/brand/mc2-saint-barth
1339,Neil Barrett,/brand/neil-barrett
1340,Blumarine,/brand/blumarine
1341,COLLUSION,/brand/collusion
1342,Lemoniez,/brand/lemoniez
1343,Rouje,/brand/rouje
1344,Loveless,/brand/loveless
1345,MARQUES ’ ALMEIDA,/brand/marques-almeida
1346,Plein Sport,/brand/plein-sport
1347,Philosophy di Lorenzo Serafini,/brand/philosophy-di-lorenzo-serafini
1348,P.A.R.O.S.H.,/brand/parosh
1349,Peter Pilotto,/brand/peter-pilotto
1350,Opening Ceremony,/brand/opening-ceremony
1351,Maison Kitsuné,/brand/maison-kitsune
1352,Majestic Filatures,/brand/majestic-filatures
1353,Lygia & Nanny,/brand/lygia-and-nanny
1354,Balmain,/brand/balmain
1355,Kappa,/brand/kappa
1356,Comme des Garçons,/brand/comme-des-garcons
1357,The Attico,/brand/the-attico
1358,A.P.C.,/brand/apc
1359,Corporeum,/brand/corporeum
1360,B O Y Y,/brand/b-o-y-y
1361,alexander wang,/brand/alexander-wang
1362,IRO,/brand/iro
1363,Ann Demeulemeester,/brand/ann-demeulemeester
1364,JACQUEMUS,/brand/jacquemus
1365,Aspesi,/brand/aspesi
1366,Guild Prime,/brand/guild-prime
1367,Haider Ackermann,/brand/haider-ackermann
1368,KTZ,/brand/ktz
1369,Elie Saab,/brand/elie-saab
1370,Ih Nom Uh Nit,/brand/ih-nom-uh-nit
1371,SUN68,/brand/sun68
1372,Vinti Andrews,/brand/vinti-andrews
1373,DONDUP,/brand/dondup
1374,Zadig&Voltaire,/brand/zadigandvoltaire
1375,Olivia Grace,/brand/olivia-grace
1376,Bonpoint,/brand/bonpoint
1377,Belstaff,/brand/belstaff
1378,ASCENO,/brand/asceno
1379,Talbot Runhof,/brand/talbot-runhof
1380,The Upside,/brand/the-upside
1381,Mira Mikati,/brand/mira-mikati
1382,Zac Zac Posen,/brand/zac-zac-posen
1383,Faith Connexion,/brand/faith-connexion
1384,Jonathan Simkhai,/brand/jonathan-simkhai
1385,MARCHESA,/brand/marchesa
1386,BA&SH,/brand/baandsh
1387,Simone Rocha,/brand/simone-rocha
1388,Electric Feathers,/brand/electric-feathers
1389,Star Mela,/brand/star-mela
1390,Roland Mouret,/brand/roland-mouret
1391,Dion Lee,/brand/dion-lee
1392,Intimissimi,/brand/intimissimi
1393,Dolls Kill,/brand/dolls-kill
1394,Oiselle,/brand/oiselle
1395,Yamamay,/brand/yamamay
1396,Parfois,/brand/parfois
1397,Sundry,/brand/sundry
1398,TALLY WEiJL,/brand/tally-weijl
1399,Duluth Trading,/brand/duluth-trading
1400,CLAD & CLOTH,/brand/clad-and-cloth
1401,Beginning Boutique,/brand/beginning-boutique
1402,OAK+FORT,/brand/oakfort
1403,La Vie en Rose,/brand/la-vie-en-rose
1404,Reitmans,/brand/reitmans
1405,Naked Wardrobe,/brand/naked-wardrobe
1406,Joie,/brand/joie
1407,Solid & Striped,/brand/solid-and-striped
1408,Meshki,/brand/meshki
1409,Le Château,/brand/le-chateau
1410,Isabel Marant,/brand/isabel-marant
1411,Eggie,/brand/eggie
1412,Wish,/brand/wish
1413,GATE,/brand/gate
1414,le coq sportif,/brand/le-coq-sportif
1415,Costes,/brand/costes
1416,Bellerose,/brand/bellerose
1417,ThirdLove,/brand/thirdlove
1418,Torrid,/brand/torrid
1419,Vineyard Vines,/brand/vineyard-vines
1420,Francesca's,/brand/francescas
1421,Zumiez,/brand/zumiez
1422,TATUUM,/brand/tatuum
1423,Things We Lost,/brand/things-we-lost
1424,Tobi,/brand/tobi
1425,REVOLVE,/brand/revolve
1426,Castro,/brand/castro
1427,Karl Lagerfeld,/brand/karl-lagerfeld
1428,LTB,/brand/ltb
1429,Love Moschino,/brand/love-moschino
1430,Miraclesuit,/brand/miraclesuit
1431,Motel,/brand/motel
1432,Religion,/brand/religion
1433,Eleven Paris,/brand/eleven-paris
1434,Glamorous,/brand/glamorous
1435,Karen Millen,/brand/karen-millen
1436,Hanro,/brand/hanro
1437,Stance,/brand/stance
1438,MAC Mode,/brand/mac-mode
1439,Alice & Olivia,/brand/alice-and-olivia
1440,Leon & Harper,/brand/leon-and-harper
1441,True Decadence,/brand/true-decadence
1442,Sister Jane,/brand/sister-jane
1443,TFNC,/brand/tfnc
1444,Skiny,/brand/skiny
1445,Paul & Joe Sister,/brand/paul-and-joe-sister
1446,Persona by Marina Rinaldi,/brand/persona-by-marina-rinaldi
1447,Sinéquanone,/brand/sinequanone
1448,Subdued,/brand/subdued
1449,Pleats Please,/brand/pleats-please
1450,Quiz,/brand/quiz
1451,Rich & Royal,/brand/rich-and-royal
1452,Maud & Marjorie,/brand/maud-and-marjorie
1453,Hope & Ivy,/brand/hope-and-ivy
1454,Go Sport,/brand/go-sport
1455,Honey Punch,/brand/honey-punch
1456,Lost Ink,/brand/lost-ink
1457,Lace & Beads,/brand/lace-and-beads
1458,Hawes & Curtis,/brand/hawes-and-curtis
1459,More & More,/brand/more-and-more
1460,Promod,/brand/promod
1461,Pablo,/brand/pablo
1462,Maje,/brand/maje
1463,Loavies,/brand/loavies
1464,lavish alice,/brand/lavish-alice
1465,Liquor N Poker,/brand/liquor-n-poker
1466,JUST FEMALE,/brand/just-female
1467,Lala Berlin,/brand/lala-berlin
1468,Jil Sander Navy,/brand/jil-sander-navy
1469,Jaeger,/brand/jaeger
1470,In The Style,/brand/in-the-style
1471,Ghost,/brand/ghost
1472,Essentiel Antwerp,/brand/essentiel-antwerp
1473,Gérard Darel,/brand/gerard-darel
1474,Courir,/brand/courir
1475,Cyrillus,/brand/cyrillus
1476,Des Petites Hauts,/brand/des-petites-hauts
1477,Devernois,/brand/devernois
1478,Closet,/brand/closet
1479,Brunotti,/brand/brunotti
1480,comma,/brand/comma
1481,Best Mountain,/brand/best-mountain
1482,Camp David,/brand/camp-david
1483,Ann Summers,/brand/ann-summers
1484,Andres Sardá,/brand/andres-sarda
1485,Bensimon,/brand/bensimon
1486,American Vintage,/brand/american-vintage
1487,Tara Jarmon,/brand/tara-jarmon
1488,Envii,/brand/envii
1489,Sweet Pants,/brand/sweet-pants
1490,One Step,/brand/one-step
1491,The Kooples Sport,/brand/the-kooples-sport
1492,The Kooples,/brand/the-kooples
1493,ZAFUL,/brand/zaful
1494,Carven,/brand/carven
1495,Inamorata,/brand/inamorata
1496,House of CB,/brand/house-of-cb
1497,SHANGHAI TANG,/brand/shanghai-tang
1498,KIRIN,/brand/kirin
1499,Patrizia Pepe,/brand/patrizia-pepe
1500,Slowear,/brand/slowear
1501,JANTZEN,/brand/jantzen
1502,Stüssy,/brand/stussy
1503,Umbro,/brand/umbro
1504,Brooks Brothers,/brand/brooks-brothers
1505,Showpo,/brand/showpo
1506,Supreme,/brand/supreme
1507,Altar'd state,/brand/altard-state
1508,Charisma,/brand/charisma
1509,Danskin,/brand/danskin
1510,Badgley Mischka,/brand/badgley-mischka
1511,Mudd,/brand/mudd
1512,Hummingbird Boutique,/brand/hummingbird-boutique
1513,Yummy Maternity,/brand/yummy-maternity
1514,Romwe,/brand/romwe
1515,Lee Cooper,/brand/lee-cooper
1516,Laura Ashley,/brand/laura-ashley
1517,Brandy Melville,/brand/brandy-melville
